sp;long;lat
Akodon_cursor;-438.578;-204.997
Akodon_cursor;-44.065;-22.574.722
Akodon_cursor;-47.06;-22.9
Akodon_cursor;-511.628;-233.103
Akodon_cursor;-44.334.444;-22.466.667
Akodon_cursor;-46.924.444;-23.231.944
Akodon_cursor;-385.108;-129.711
Akodon_cursor;-510.481;-232.692
Akodon_cursor;-4.053.944.444;-19.965
Akodon_cursor;-48.75;-2.216.667
Akodon_cursor;-4.081.388.889;-1.887.472.222
Akodon_cursor;-4.045.833.333;-2.037.694.444
Akodon_cursor;-484.166.667;-243.333.333
Akodon_cursor;-410.838.932;-20.516.671
Akodon_cursor;-410.838.931;-205.166.709
Akodon_cursor;-4.078.611.111;-1.887.472.222
Akodon_cursor;-41.083.444;-20.518.861
Akodon_cursor;-4.047.278;-2.035.917
Akodon_cursor;-465.614;-217.878
Akodon_cursor;-438.467;-199.856
Akodon_cursor;-4.170.305.556;-2.049.722.222
Akodon_cursor;-42.65;-197.166.667
Akodon_cursor;-4.043.861.111;-2.038.888.889
Akodon_cursor;-4.096.666.667;-20.4
Akodon_cursor;-4.101.667;-20.4
Akodon_cursor;-40.072.222;-19.391.111
Akodon_cursor;-39;-15.35
Akodon_cursor;-40.307.778;-20.128.611
Akodon_cursor;-427.666.667;-171.333.333
Akodon_cursor;-412.613.889;-128.016.667
Akodon_cursor;-4.052.722.222;-19.965
Akodon_cursor;-4.044.166.667;-2.037.694.444
Akodon_cursor;-451.166.667;-234.166.667
Akodon_cursor;-4.046.055.556;-2.035.916.667
Akodon_cursor;-40.600.278;-19.935.556
Akodon_cursor;-4.045.805.556;-2.037.888.889
Akodon_cursor;-4.052.194.444;-2.028.111.111
Akodon_cursor;-40.533.333;-19.865.556
Akodon_cursor;-42.65;-1.971.666.667
Akodon_cursor;-48.603.027;-22.410.202
Akodon_cursor;-4.051.138.889;-2.028.111.111
Akodon_cursor;-4.091.666.667;-2.063.333.333
Akodon_cursor;-40.511;-20.658
Akodon_cursor;-404.961;-203.903
Akodon_cursor;-4.173.166.667;-2.039.638.889
Akodon_cursor;-410.838.938;-205.166.716
Akodon_cursor;-4.046.138.889;-2.038.888.889
Akodon_cursor;-40.54;-19.965
Akodon_cursor;-436.003;-182.494
Akodon_cursor;-428.897;-165.594
Akodon_cursor;-410.838.888;-205.166.666
Akodon_cursor;-432.269;-196.192
Akodon_cursor;-452.772;-208.972
Akodon_cursor;-48.099.722;-21.72
Akodon_cursor;-4.799.107;-2.406.731
Akodon_cursor;-4.796.667;-2.513.333
Akodon_cursor;-410.838.924;-205.166.702
Akodon_cursor;-424.775;-203.011
Akodon_cursor;-410.838.889;-205.166.667
Akodon_cursor;-484.142;-253.483
Akodon_cursor;-51.076.417;-18.784.611
Akodon_cursor;-403.378;-203.194
Akodon_cursor;-403.078;-201.286
Akodon_cursor;-4.891.666.667;-25.75
Akodon_cursor;-45.9;-23.65
Akodon_cursor;-410.838.947;-205.166.725
Akodon_cursor;-437.144;-191.689
Akodon_cursor;-394.958;-154.192
Akodon_cursor;-408.556;-198.019
Akodon_cursor;-439.378;-199.208
Akodon_cursor;-42;-2.013.333.333
Akodon_cursor;-43.13;-19.811.944
Akodon_cursor;-397.339;-141.372
Akodon_cursor;-43.425;-190.372
Akodon_cursor;-40.52;-19.96
Akodon_cursor;-489.158;-149.708
Akodon_cursor;-4.171.917;-210.425
Akodon_cursor;-3.907.611.111;-1.525.166.667
Akodon_cursor;-4.125.411;-2.101.311
Akodon_cursor;-4.077.557;-1.979.918
Akodon_cursor;-446.031;-219.756
Akodon_cursor;-4.493.333.333;-2.238.333.333
Akodon_cursor;-4.126.138.889;-1.280.166.667
Akodon_cursor;-480.833.333;-242.166.667
Akodon_cursor;-410.639;-194.958
Akodon_cursor;-410.838.923;-205.166.701
Akodon_cursor;-410.838.926;-205.166.704
Akodon_cursor;-483.208;-253.467
Akodon_cursor;-423.917;-226.508
Akodon_cursor;-427.136;-205.972
Akodon_cursor;-434.153;-199.594
Akodon_cursor;-39.75;-13.53
Akodon_cursor;-434.161;-203.778
Akodon_cursor;-42.33;-205.206
Akodon_cursor;-434.872;-199.458
Akodon_montensis;-441.997;-201.433
Akodon_montensis;-46.363.333;-23.373.056
Akodon_montensis;-44.849.167;-22.549.444
Akodon_montensis;-44.855.278;-22.544.722
Akodon_montensis;-46.000.278;-23.249.444
Akodon_montensis;-511.628;-233.103
Akodon_montensis;-43.839.722;-22.652.778
Akodon_montensis;-510.481;-232.692
Akodon_montensis;-46.900.833;-23.234.444
Akodon_montensis;-43.830.833;-22.649.722
Akodon_montensis;-46.924.444;-23.231.944
Akodon_montensis;-46.353.611;-23.367.222
Akodon_montensis;-47.06;-22.9
Akodon_montensis;-55.31;-222.797.222
Akodon_montensis;-505.836;-294.481
Akodon_montensis;-55.315;-223.488.889
Akodon_montensis;-544.616.667;-256.277.778
Akodon_montensis;-476.280.556;-234.352.778
Akodon_montensis;-490.633;-254.417
Akodon_montensis;-47.860.556;-20.497.222
Akodon_montensis;-403.378;-203.194
Akodon_montensis;-465.614;-217.878
Akodon_montensis;-45.290.278;-23.173.056
Akodon_montensis;-492.242;-252.917
Akodon_montensis;-438.578;-204.997
Akodon_montensis;-433.622;-198.261
Akodon_montensis;-493.261;-257.789
Akodon_montensis;-438.467;-199.856
Akodon_montensis;-45.291.389;-23.172.222
Akodon_montensis;-490.553;-253.056
Akodon_montensis;-47.838.056;-20.515.278
Akodon_montensis;-478.625;-20.507.778
Akodon_montensis;-441.447;-200.353
Akodon_montensis;-47.99;-23.87
Akodon_montensis;-438.014;-202.533
Akodon_montensis;-493.167;-259.333
Akodon_montensis;-490.483;-253.922
Akodon_montensis;-46.471.111;-23.646.111
Akodon_montensis;-434.161;-203.778
Akodon_montensis;-434.872;-199.458
Akodon_montensis;-45.125;-2.335.833
Akodon_montensis;-436.697;-19.88
Akodon_montensis;-438.067;-198.864
Akodon_montensis;-429.086;-204.164
Akodon_montensis;-4.798.721;-2.406.856
Akodon_montensis;-4.798.728;-2.406.973
Akodon_montensis;-4.799.204;-2.406.649
Akodon_montensis;-434.153;-199.594
Akodon_montensis;-468.231;-199.222
Brucepattersonius_soricinus;-47.99;-23.87
Brucepattersonius_soricinus;-51.228.617;-253.502
Brucepattersonius_soricinus;-46.184.583;-23.511.967
Brucepattersonius_soricinus;-5.222.415;-27.045.917
Brucepattersonius_soricinus;-47.068.333;-23.931.667
Brucepattersonius_soricinus;-46.783;-22.199.867
Brucepattersonius_soricinus;-45.275.833;-23.209.722
Brucepattersonius_soricinus;-48.875.983;-2.513.955
Calomys_tener;-438.578;-204.997
Calomys_tener;-434.883;-164.758
Calomys_tener;-47.475.317;-20.669.317
Calomys_tener;-3.907.611.111;-1.525.166.667
Calomys_tener;-46.795.317;-23.028.983
Calomys_tener;-48.496.389;-21.261.111
Calomys_tener;-48.445;-22.885.833
Calomys_tener;-47.169.722;-21.282.778
Calomys_tener;-4.866.735;-1.868.145
Calomys_tener;-47.809.367;-20.729.567
Calomys_tener;-47.585;-20.891.111
Calomys_tener;-4.817.725;-20.674.933
Calomys_tener;-48.037.222;-210.225
Calomys_tener;-48.278.517;-18.880.833
Calomys_tener;-4.653.235;-20.641.083
Calomys_tener;-46.783;-22.199.867
Calomys_tener;-4.778.845;-21.042.517
Calomys_tener;-479.169;-190.386
Calomys_tener;-47.990.278;-21.137.778
Calomys_tener;-45.279.444;-23.208.056
Calomys_tener;-51.755.278;-21.350.833
Calomys_tener;-430.283;-157.433
Calomys_tener;-399.469;-160.028
Calomys_tener;-47.879.633;-19.727.967
Calomys_tener;-51.181.389;-21.798.889
Calomys_tener;-43.425;-190.372
Calomys_tener;-437.894;-200.875
Calomys_tener;-47.729.444;-21.340.278
Calomys_tener;-420.703;-168.497
Calomys_tener;-44.069.444;-225.825
Calomys_tener;-44.065;-22.574.722
Calomys_tener;-435.081;-202.875
Calomys_tener;-46.048.889;-19.311.111
Calomys_tener;-5.161.135;-21.382.317
Calomys_tener;-48.190.717;-21.916.283
Calomys_tener;-402.933;-161.444
Calomys_tener;-47.865.917;-21.143.067
Calomys_tener;-4.801.585;-21.949.183
Calomys_tener;-47.887.778;-18.565.833
Calomys_tener;-437.144;-191.689
Calomys_tener;-438.467;-199.856
Calomys_tener;-439.378;-199.208
Calomys_tener;-428.819;-207.539
Calomys_tener;-438.278;-220.892
Calomys_tener;-51.168.967;-21.619.444
Calomys_tener;-47.890.833;-220.175
Calomys_tener;-51.235.556;-22.012.222
Calomys_tener;-47.304.167;-21.275.278
Calomys_tener;-4.755.535;-22.366.417
Calomys_tener;-43.858.056;-22.649.444
Calomys_tener;-49.51;-23.388.333
Calomys_tener;-489.158;-149.708
Calomys_tener;-422.331;-158.078
Calomys_tener;-426.925;-170.833
Caluromys_philander;-42.65;-1.971.666.667
Caluromys_philander;-4.023.771.389;-2.011.866.389
Caluromys_philander;-45.069.722;-23.430.278
Caluromys_philander;-40.41;-20.6
Caluromys_philander;-3.923.611.111;-1.779.444.444
Caluromys_philander;-40.600.278;-19.935.556
Caluromys_philander;-40.33;-20.3
Caluromys_philander;-4.046.833.333;-2.037.916.667
Caluromys_philander;-40.54;-19.965
Caluromys_philander;-47.06;-22.9
Caluromys_philander;-42.65;-197.166.667
Caluromys_philander;-4.046.138.889;-2.038.888.889
Caluromys_philander;-4.043.861.111;-2.038.888.889
Caluromys_philander;-40.465;-2.037.916.667
Caluromys_philander;-3.926.388.889;-1.779.444.444
Cavia_aperea;-511.628;-233.103
Cavia_aperea;-47.06;-22.9
Cavia_aperea;-46.609.444;-20.719.167
Cavia_aperea;-48.099.722;-21.72
Cavia_aperea;-437.144;-191.689
Cavia_aperea;-47.639.722;-22.72
Cavia_aperea;-449.667;-223.903
Cavia_aperea;-479.169;-190.386
Cavia_aperea;-46.88;-23.180.278
Cavia_aperea;-43.425;-190.372
Cavia_aperea;-438.467;-199.856
Cavia_aperea;-515.494;-289.361
Cavia_aperea;-505.097;-302.578
Cavia_aperea;-436.003;-182.494
Cavia_aperea;-51.23;-300.331
Cavia_aperea;-46.65;-22.520.278
Cavia_fulgida;-40.600.278;-19.935.556
Cavia_fulgida;-42.65;-1.971.666.667
Cavia_fulgida;-40.28;-20.25
Cavia_fulgida;-403.378;-203.194
Cavia_fulgida;-40.298;-20.295
Cavia_fulgida;-40.745;-1.884.972.222
Cerradomys_subflavus;-4.081.388.889;-1.887.472.222
Cerradomys_subflavus;-439.378;-199.208
Cerradomys_subflavus;-39.45;-7.216.666.667
Cerradomys_subflavus;-4.793.888.889;-1.908.527.778
Cerradomys_subflavus;-4.773.138.889;-1.911.944.444
Cerradomys_subflavus;-4.773.944.444;-1.913.055.556
Cerradomys_subflavus;-42.65;-1.971.666.667
Cerradomys_subflavus;-4.126.138.889;-1.280.166.667
Cerradomys_subflavus;-39;-15.35
Cerradomys_subflavus;-3.956.444.444;-1.797.527.778
Cerradomys_vivoi;-40.076.111;-18.905.556
Cerradomys_vivoi;-397.339;-141.372
Cerradomys_vivoi;-4.014.166;-1.837.055
Cerradomys_vivoi;-4.078.611.111;-1.887.472.222
Cerradomys_vivoi;-3.953.555.556;-1.797.527.778
Cerradomys_vivoi;-3.960.272;-1.502.706
Cerradomys_vivoi;-39.75;-18.94
Delomys_dorsalis;-48.34;-24
Delomys_dorsalis;-505.836;-294.481
Delomys_dorsalis;-44.85;-2.238.333.333
Delomys_dorsalis;-4.508.333.333;-2.246.666.667
Delomys_dorsalis;-4.533.333.333;-22.6
Delomys_dorsalis;-47.068.333;-23.931.667
Delomys_dorsalis;-46.549.722;-23.110.278
Delomys_dorsalis;-5.222.415;-27.045.917
Delomys_dorsalis;-490.633;-254.417
Delomys_dorsalis;-40.54;-19.965
Delomys_dorsalis;-45.9;-23.65
Delomys_dorsalis;-484.166.667;-243.333.333
Delomys_sublineatus;-41.184.722;-20.603.611
Delomys_sublineatus;-484.166.667;-243.333.333
Delomys_sublineatus;-4.173.028;-2.049.722
Delomys_sublineatus;-46.934.278;-23.239.067
Delomys_sublineatus;-45.9;-23.65
Delomys_sublineatus;-46.934.231;-23.238.931
Delomys_sublineatus;-48.36;-24.09
Delomys_sublineatus;-47.068.333;-23.931.667
Delomys_sublineatus;-41.112.778;-20.848.889
Delomys_sublineatus;-479.903;-240.655
Delomys_sublineatus;-40.600.278;-19.935.556
Delomys_sublineatus;-4.173.166.667;-2.039.638.889
Delomys_sublineatus;-46.933.261;-23.237.789
Delomys_sublineatus;-4.799.106;-2.406.751
Delomys_sublineatus;-47.550.667;-24.705.833
Delomys_sublineatus;-46.944.339;-23.231.736
Delomys_sublineatus;-4.703.333;-2.368.333
Delomys_sublineatus;-42;-2.013.333.333
Delomys_sublineatus;-46.933.128;-23.237.719
Delomys_sublineatus;-47.99;-23.87
Didelphis_albiventris;-3.945.083.333;-72.775
Didelphis_albiventris;-45.539.444;-20.281.944
Didelphis_albiventris;-46.941.944;-22.372.222
Didelphis_albiventris;-4.126.138.889;-1.280.166.667
Didelphis_albiventris;-4.110.333.333;-1.747.527.778
Didelphis_albiventris;-383.972.222;-125.980.556
Didelphis_albiventris;-45.349.722;-23.770.278
Didelphis_albiventris;-4.770.805.556;-1.917.083.333
Didelphis_albiventris;-4.773.138.889;-1.911.944.444
Didelphis_albiventris;-3.960.272;-1.502.706
Didelphis_albiventris;-4.896.666.667;-1.633.333.333
Didelphis_albiventris;-394.508.333;-72.775
Didelphis_albiventris;-47.06;-22.9
Didelphis_albiventris;-412.613.889;-128.016.667
Didelphis_albiventris;-477.313.889;-191.194.444
Didelphis_albiventris;-55.315;-223.488.889
Didelphis_albiventris;-55.31;-222.797.222
Didelphis_albiventris;-47.075;-228.106
Didelphis_albiventris;-477.080.556;-191.708.333
Didelphis_albiventris;-545.333.333;-254.166.667
Didelphis_aurita;-386.375;-126.727.778
Didelphis_aurita;-4.023.333;-2.023.333
Didelphis_aurita;-42.65;-1.971.666.667
Didelphis_aurita;-4.171.917;-210.425
Didelphis_aurita;-4.014.725;-1.905.556
Didelphis_aurita;-4.012.611;-1.832.444
Didelphis_aurita;-4.007.028;-1.915.139
Didelphis_aurita;-4.082.416.667;-1.891.611.111
Didelphis_aurita;-3.960.272;-1.502.706
Didelphis_aurita;-3.953.527.778;-1.797.555.556
Didelphis_aurita;-4.077.055.556;-1.897.333.333
Didelphis_aurita;-4.043.861.111;-2.038.888.889
Didelphis_aurita;-4.053.972.222;-19.965
Didelphis_aurita;-4.016.638;-1.836.166
Didelphis_aurita;-4.053.944;-19.965
Didelphis_aurita;-434.153;-199.594
Didelphis_aurita;-436.697;-19.88
Didelphis_aurita;-4.053.944.444;-19.965
Didelphis_aurita;-43.425;-190.372
Didelphis_aurita;-40.600.278;-19.935.556
Didelphis_aurita;-4.072.027.778;-1.897.777.778
Didelphis_aurita;-430.233;-192.319
Didelphis_aurita;-408.514;-19.225
Didelphis_aurita;-40.54;-19.965
Didelphis_aurita;-493.142;-25.19
Didelphis_aurita;-438.467;-199.856
Didelphis_aurita;-39.732.222;-18.593.333
Didelphis_aurita;-4.081.923.333;-1.920.995
Didelphis_aurita;-40.54;-1.996.944.444
Didelphis_aurita;-4.081.916.667;-19.21
Didelphis_aurita;-514.956;-293.769
Didelphis_aurita;-4.077.138.889;-1.920.444.444
Didelphis_aurita;-423.664;-211.306
Didelphis_aurita;-3.956.444.444;-1.797.527.778
Didelphis_aurita;-40.33;-20.3
Didelphis_aurita;-4.046.833.333;-2.037.916.667
Didelphis_aurita;-544.616.667;-256.277.778
Didelphis_aurita;-4.088.333.333;-1.986.666.667
Didelphis_aurita;-4.079.527.778;-1.920.444.444
Didelphis_aurita;-3.953.555.556;-1.797.527.778
Didelphis_aurita;-395.375;-1.797.472.222
Didelphis_aurita;-39.255;-1.775.333.333
Didelphis_aurita;-403.078;-201.286
Didelphis_aurita;-4.074.638.889;-1.897.777.778
Didelphis_aurita;-4.044.166.667;-2.037.694.444
Didelphis_aurita;-40.516.667;-19.933.333
Didelphis_aurita;-4.891.666.667;-25.75
Didelphis_aurita;-51.25;-23.45
Didelphis_aurita;-4.081.741.667;-1.921.521.667
Didelphis_aurita;-476.280.556;-234.352.778
Didelphis_aurita;-42.65;-197.166.667
Didelphis_aurita;-428.622;-213.153
Didelphis_aurita;-411.847;-206.036
Didelphis_aurita;-400.722;-193.911
Didelphis_aurita;-40.072.222;-19.391.111
Didelphis_aurita;-3.956.472.222;-1.797.555.556
Didelphis_aurita;-4.051.138.889;-2.028.111.111
Didelphis_aurita;-4.080.666.667;-1.888.972.222
Didelphis_aurita;-40.465;-2.037.916.667
Didelphis_aurita;-395.625;-1.797.472.222
Didelphis_aurita;-4.071.972.222;-1.897.972.222
Didelphis_aurita;-4.074.694.444;-1.897.972.222
Didelphis_aurita;-45.9;-23.65
Didelphis_aurita;-4.014.527;-1.905.555
Didelphis_aurita;-4.045.833.333;-2.037.694.444
Didelphis_aurita;-4.052.666.667;-1.996.944.444
Didelphis_aurita;-4.046.138.889;-2.038.888.889
Didelphis_aurita;-4.052.694.444;-19.965
Didelphis_aurita;-4.050.833.333;-1.995.277.778
Didelphis_aurita;-3.981.984;-1.960.734
Didelphis_aurita;-40.42;-20.263.889
Didelphis_aurita;-4.080.916.667;-1.891.611.111
Didelphis_aurita;-40.511;-20.658
Didelphis_aurita;-4.076.277.778;-1.897.333.333
Didelphis_aurita;-40.525;-1.995.277.778
Didelphis_aurita;-4.061.173;-2.014.206
Didelphis_aurita;-4.052.722.222;-19.965
Didelphis_aurita;-41.083.444;-20.518.861
Didelphis_aurita;-480.833.333;-242.166.667
Didelphis_aurita;-4.082.666.667;-1.888.972.222
Didelphis_aurita;-4.167.083;-2.095.806
Didelphis_aurita;-4.052.194.444;-2.028.111.111
Euryoryzomys_russatus;-4.052.666.667;-1.996.944.444
Euryoryzomys_russatus;-484.166.667;-243.333.333
Euryoryzomys_russatus;-41.184.722;-20.603.611
Euryoryzomys_russatus;-4.796.667;-2.513.333
Euryoryzomys_russatus;-4.091.666.667;-2.063.333.333
Euryoryzomys_russatus;-480.833.333;-242.166.667
Euryoryzomys_russatus;-45.9;-23.65
Euryoryzomys_russatus;-47.99;-23.87
Euryoryzomys_russatus;-45.125;-2.335.833
Euryoryzomys_russatus;-45.35;-238.166.667
Euryoryzomys_russatus;-40.533.333;-19.865.556
Euryoryzomys_russatus;-40.54;-19.965
Euryoryzomys_russatus;-4.053.972.222;-19.965
Euryoryzomys_russatus;-40.54;-1.996.944.444
Euryoryzomys_russatus;-44.816.667;-23.333.333
Euryoryzomys_russatus;-41.083.444;-20.518.861
Euryoryzomys_russatus;-4.052.694.444;-19.965
Euryoryzomys_russatus;-4.798.595;-2.406.649
Euryoryzomys_russatus;-451.166.667;-234.166.667
Euryoryzomys_russatus;-449.033;-215.111
Euryoryzomys_russatus;-4.053.944.444;-19.965
Gracilinanus_agilis;-477.080.556;-191.708.333
Gracilinanus_agilis;-394.508.333;-72.775
Gracilinanus_agilis;-4.773.138.889;-1.911.944.444
Gracilinanus_agilis;-477.313.889;-191.194.444
Gracilinanus_agilis;-433.833.333;-18.15
Gracilinanus_agilis;-42.2;-16.6
Gracilinanus_agilis;-4.773.944.444;-1.913.055.556
Gracilinanus_agilis;-50.602.778;-19.066.556
Gracilinanus_agilis;-4.770.805.556;-1.917.083.333
Gracilinanus_agilis;-47.06;-22.9
Gracilinanus_agilis;-4.126.138.889;-1.280.166.667
Gracilinanus_agilis;-570.177.778;-195.763.889
Gracilinanus_agilis;-5.167.833;-2.075.111
Gracilinanus_agilis;-3.945.083.333;-72.775
Gracilinanus_agilis;-48.099.722;-21.72
Gracilinanus_agilis;-477.394.444;-191.305.556
Gracilinanus_agilis;-412.613.889;-128.016.667
Gracilinanus_microtarsus;-438.467;-199.856
Gracilinanus_microtarsus;-48.834.167;-25.476.944
Gracilinanus_microtarsus;-40.465;-2.037.916.667
Gracilinanus_microtarsus;-45.314.444;-23.257.222
Gracilinanus_microtarsus;-402.733;-198.203
Gracilinanus_microtarsus;-42.65;-197.166.667
Gracilinanus_microtarsus;-4.050.833.333;-1.995.277.778
Gracilinanus_microtarsus;-41.123.889;-20.074.167
Gracilinanus_microtarsus;-4.053.944.444;-19.965
Gracilinanus_microtarsus;-4.080.916.667;-1.891.611.111
Gracilinanus_microtarsus;-4.080.666.667;-1.888.972.222
Gracilinanus_microtarsus;-4.081.388.889;-1.887.472.222
Gracilinanus_microtarsus;-4.074.694.444;-1.897.972.222
Gracilinanus_microtarsus;-47.99;-23.87
Gracilinanus_microtarsus;-4.052.194.444;-2.028.111.111
Gracilinanus_microtarsus;-4.077.138.889;-1.920.444.444
Gracilinanus_microtarsus;-3.984.416.667;-1.835.527.778
Gracilinanus_microtarsus;-40.600.278;-19.935.556
Gracilinanus_microtarsus;-40.54;-19.965
Gracilinanus_microtarsus;-40.659.167;-20.363.333
Gracilinanus_microtarsus;-40.273.333;-19.820.278
Gracilinanus_microtarsus;-40.369.722;-19.831.944
Gracilinanus_microtarsus;-4.052.722.222;-19.965
Gracilinanus_microtarsus;-40.072.222;-19.391.111
Gracilinanus_microtarsus;-41.184.722;-20.603.611
Gracilinanus_microtarsus;-4.071.972.222;-1.897.972.222
Gracilinanus_microtarsus;-4.403.333.333;-2.208.333.333
Gracilinanus_microtarsus;-4.076.972.222;-192.375
Gracilinanus_microtarsus;-4.045.833.333;-2.037.694.444
Gracilinanus_microtarsus;-4.052.694.444;-19.965
Gracilinanus_microtarsus;-41.413.056;-20.464.167
Gracilinanus_microtarsus;-4.171.917;-210.425
Gracilinanus_microtarsus;-4.046.833.333;-2.037.916.667
Gracilinanus_microtarsus;-4.051.138.889;-2.028.111.111
Gracilinanus_microtarsus;-4.016.472;-1.830.583
Gracilinanus_microtarsus;-4.173.166.667;-2.039.638.889
Gracilinanus_microtarsus;-4.096.666.667;-20.4
Gracilinanus_microtarsus;-45.9;-23.65
Gracilinanus_microtarsus;-4.053.972.222;-19.965
Gracilinanus_microtarsus;-4.010.444;-1.901.194
Gracilinanus_microtarsus;-44.318.056;-21.021.944
Gracilinanus_microtarsus;-424.775;-203.011
Gracilinanus_microtarsus;-400.978;-191.969
Gracilinanus_microtarsus;-40.511;-20.658
Gracilinanus_microtarsus;-40.82;-1.919.833
Gracilinanus_microtarsus;-48.34;-24
Gracilinanus_microtarsus;-41.366.389;-21.064.167
Gracilinanus_microtarsus;-40.525;-1.995.277.778
Gracilinanus_microtarsus;-484.166.667;-243.333.333
Gracilinanus_microtarsus;-4.014.166;-1.837.055
Gracilinanus_microtarsus;-4.078.611.111;-1.887.472.222
Gracilinanus_microtarsus;-4.044.166.667;-2.037.694.444
Gracilinanus_microtarsus;-4.053.944;-19.965
Gracilinanus_microtarsus;-4.011.666;-1.900.472
Gracilinanus_microtarsus;-45.275.833;-23.209.722
Gracilinanus_microtarsus;-4.079.694.444;-192.375
Gracilinanus_microtarsus;-43.425;-190.372
Gracilinanus_microtarsus;-4.173.111.111;-2.039.638.889
Gracilinanus_microtarsus;-394.958;-154.192
Gracilinanus_microtarsus;-403.078;-201.286
Gracilinanus_microtarsus;-40.071.944;-19.391.111
Gracilinanus_microtarsus;-44.065.278;-22.575.556
Gracilinanus_microtarsus;-4.077.055.556;-1.897.333.333
Gracilinanus_microtarsus;-4.082.666.667;-1.888.972.222
Gracilinanus_microtarsus;-476.280.556;-234.352.778
Gracilinanus_microtarsus;-4.082.416.667;-1.891.611.111
Gracilinanus_microtarsus;-4.076.277.778;-1.897.333.333
Gracilinanus_microtarsus;-4.013.166;-1.832.444
Gracilinanus_microtarsus;-4.079.527.778;-1.920.444.444
Hylaeamys_megacephalus;-55.31;-222.797.222
Hylaeamys_megacephalus;-477.080.556;-191.708.333
Hylaeamys_megacephalus;-477.394.444;-191.305.556
Hylaeamys_megacephalus;-4.770.805.556;-1.917.083.333
Hylaeamys_megacephalus;-55.315;-223.488.889
Hylaeamys_megacephalus;-40.072.222;-19.391.111
Hylaeamys_megacephalus;-4.773.944.444;-1.913.055.556
Juliomys_pictipes;-484.166.667;-243.333.333
Juliomys_pictipes;-45.31;-23.22
Juliomys_pictipes;-476.280.556;-234.352.778
Juliomys_pictipes;-45.314.444;-23.257.222
Juliomys_pictipes;-45.125;-2.335.833
Juliomys_pictipes;-46.88;-23.18
Juliomys_pictipes;-4.051.138.889;-2.028.111.111
Juliomys_pictipes;-46.933.128;-23.237.719
Juliomys_pictipes;-4.052.194.444;-2.028.111.111
Juliomys_pictipes;-46.87;-23.35
Juliomys_pictipes;-45.315.556;-23.257.222
Juliomys_pictipes;-452.775;-23.208.333
Juliomys_pictipes;-41.845.278;-20.688.889
Juliomys_pictipes;-44.069.444;-225.825
Juliomys_pictipes;-47.99;-23.87
Juliomys_rimofrons;-484.166.667;-243.333.333
Juliomys_rimofrons;-44.069.444;-225.825
Juliomys_rimofrons;-47.99;-23.87
Juliomys_rimofrons;-476.280.556;-234.352.778
Juliomys_rimofrons;-45.314.444;-23.257.222
Juliomys_rimofrons;-45.125;-2.335.833
Juliomys_rimofrons;-46.88;-23.18
Juliomys_rimofrons;-4.051.138.889;-2.028.111.111
Juliomys_rimofrons;-46.933.128;-23.237.719
Juliomys_rimofrons;-4.052.194.444;-2.028.111.111
Juliomys_rimofrons;-46.87;-23.35
Juliomys_rimofrons;-45.315.556;-23.257.222
Juliomys_rimofrons;-452.775;-23.208.333
Juliomys_rimofrons;-41.845.278;-20.688.889
Juliomys_rimofrons;-45.31;-23.22
Kannabateomys_amblyonyx;-46.33;-23.96
Kannabateomys_amblyonyx;-44.569.722;-22.64
Kannabateomys_amblyonyx;-40.54;-19.965
Kannabateomys_amblyonyx;-4.228.333.333;-2.253.333.333
Kannabateomys_amblyonyx;-48.34;-24
Kannabateomys_amblyonyx;-406.003;-199.356
Kannabateomys_amblyonyx;-46.029.722;-23.41
Marmosa_murina;-40.071.944;-19.391.111
Marmosa_murina;-4.017.444.444;-1.981.277.778
Marmosa_murina;-398.225;-1.835.527.778
Marmosa_murina;-4.012.833;-18.995
Marmosa_murina;-50.634.667;-18.954.417
Marmosa_murina;-402.385;-2.026.233
Marmosa_murina;-4.025.271;-2.024.427
Marmosa_murina;-40.33;-20.3
Marmosa_murina;-39.858.889;-18.716.111
Marmosa_murina;-40.42;-20.263.889
Marmosa_murina;-4.024.963;-2.025.336
Marmosa_murina;-4.049.444.444;-2.034.944.444
Marmosa_murina;-4.013.888;-1.836.916
Marmosa_murina;-3.956.472.222;-1.797.555.556
Marmosa_murina;-39.732.222;-18.593.333
Marmosa_murina;-4.000.694.444;-1.787.888.889
Marmosa_murina;-3.907.611.111;-1.525.166.667
Marmosa_murina;-40.54;-19.965
Marmosa_murina;-3.953.527.778;-1.797.555.556
Marmosa_murina;-40.369.722;-19.831.944
Marmosa_murina;-4.046.055.556;-2.035.916.667
Marmosa_murina;-40.072.222;-19.391.111
Marmosa_murina;-40.337.778;-20.319.444
Marmosa_murina;-41.184.722;-20.603.611
Marmosa_murina;-4.045.833.333;-2.037.694.444
Marmosa_murina;-40.465;-2.037.916.667
Marmosa_murina;-549.061.111;-222.902.778
Marmosa_murina;-4.045.805.556;-2.037.888.889
Marmosa_murina;-3.978.613;-1.955.822
Marmosa_murina;-4.052.722.222;-19.965
Marmosa_murina;-4.016.611;-1.835.666
Marmosa_murina;-4.046.138.889;-2.038.888.889
Marmosa_murina;-4.060.149;-2.009.096
Marmosa_murina;-40.600.278;-19.935.556
Marmosa_murina;-4.016.638;-1.836.166
Marmosa_murina;-3.960.272;-1.502.706
Marmosa_murina;-4.014.166;-1.837.055
Marmosa_murina;-4.050.555.556;-2.034.944.444
Marmosa_murina;-40.659.167;-20.363.333
Marmosa_murina;-40.436.944;-20.252.778
Marmosa_murina;-4.044.166.667;-2.037.694.444
Marmosa_murina;-40.645.556;-20.805.833
Marmosa_murina;-39.938.333;-19.473.333
Marmosa_murina;-4.046.833.333;-2.037.916.667
Marmosa_murina;-39.861.389;-18.720.833
Marmosa_murina;-4.007.028;-1.915.139
Marmosa_murina;-39.255;-1.775.333.333
Marmosa_murina;-4.010.444;-1.901.194
Marmosa_murina;-4.002.638.889;-1.787.888.889
Marmosa_murina;-4.043.861.111;-2.038.888.889
Marmosa_murina;-3.981.984;-1.960.734
Marmosa_murina;-4.014.527;-1.905.555
Marmosa_murina;-4.012.777;-1.899.694
Marmosa_murina;-4.012.611;-1.832.444
Marmosa_murina;-394.333.333;-71.666.667
Marmosa_murina;-39.95;-1.913.333.333
Marmosa_murina;-4.047.277.778;-2.035.916.667
Marmosa_murina;-4.053.944.444;-19.965
Marmosa_murina;-4.013.333;-1.898.944
Marmosops_incanus;-4.053.972.222;-19.965
Marmosops_incanus;-4.126.138.889;-1.280.166.667
Marmosops_incanus;-40.42;-20.263.889
Marmosops_incanus;-4.073.833.333;-1.922.583.333
Marmosops_incanus;-434.161;-203.778
Marmosops_incanus;-39.95;-1.913.333.333
Marmosops_incanus;-40.511;-20.658
Marmosops_incanus;-438.014;-202.533
Marmosops_incanus;-4.052.194.444;-2.028.111.111
Marmosops_incanus;-4.077.138.889;-1.920.444.444
Marmosops_incanus;-4.081.923;-1.920.995
Marmosops_incanus;-3.984.417;-1.835.528
Marmosops_incanus;-4.053.944.444;-19.965
Marmosops_incanus;-449.033;-215.111
Marmosops_incanus;-4.799.204;-2.406.649
Marmosops_incanus;-4.167.083;-2.095.806
Marmosops_incanus;-44.85;-2.238.333.333
Marmosops_incanus;-4.013.888;-1.836.916
Marmosops_incanus;-4.082.055.556;-1.897.333.333
Marmosops_incanus;-4.079.527.778;-1.920.444.444
Marmosops_incanus;-4.072.027.778;-1.897.777.778
Marmosops_incanus;-439.378;-199.208
Marmosops_incanus;-39;-15.35
Marmosops_incanus;-4.053.944;-19.965
Marmosops_incanus;-436.697;-19.88
Marmosops_incanus;-4.082.416.667;-1.891.611.111
Marmosops_incanus;-402.133;-183.703
Marmosops_incanus;-4.016.472;-1.830.583
Marmosops_incanus;-43.815;-171.078
Marmosops_incanus;-434.153;-199.594
Marmosops_incanus;-4.016.472;-1.835.666
Marmosops_incanus;-418.333.333;-198.333.333
Marmosops_incanus;-45.9;-23.65
Marmosops_incanus;-4.076.972.222;-192.375
Marmosops_incanus;-4.082.666.667;-1.888.972.222
Marmosops_incanus;-4.076.277.778;-1.897.333.333
Marmosops_incanus;-438.467;-199.856
Marmosops_incanus;-406.144;-2.013.924
Marmosops_incanus;-40.54;-19.965
Marmosops_incanus;-3.984.416.667;-1.835.527.778
Marmosops_incanus;-4.051.138.889;-2.028.111.111
Marmosops_incanus;-42.65;-1.971.666.667
Marmosops_incanus;-424.775;-203.011
Marmosops_incanus;-40.8;-20.53
Marmosops_incanus;-41.184.722;-20.603.611
Marmosops_incanus;-4.077.055.556;-1.897.333.333
Marmosops_incanus;-47.419.722;-23.71
Marmosops_incanus;-4.081.724;-1.921.522
Marmosops_incanus;-4.074.638.889;-1.897.777.778
Marmosops_incanus;-4.081.277.778;-1.897.333.333
Marmosops_incanus;-443.617;-154.881
Marmosops_incanus;-400.722;-193.911
Marmosops_incanus;-4.016.611;-1.835.666
Marmosops_incanus;-4.044.166.667;-2.037.694.444
Marmosops_incanus;-4.045.805.556;-2.037.888.889
Marmosops_incanus;-4.014.722;-1.905.555
Marmosops_incanus;-4.045.833.333;-2.037.694.444
Marmosops_incanus;-4.046.833.333;-2.037.916.667
Marmosops_incanus;-40.54;-1.996.944.444
Marmosops_incanus;-4.171.917;-210.425
Marmosops_incanus;-4.170.111;-2.103.333
Marmosops_incanus;-4.014.972;-1.836.166
Marmosops_incanus;-4.079.694.444;-192.375
Marmosops_incanus;-42.65;-197.166.667
Marmosops_incanus;-40.465;-2.037.916.667
Marmosops_incanus;-398.225;-1.835.527.778
Marmosops_incanus;-4.052.722.222;-19.965
Marmosops_incanus;-4.007.028;-1.915.139
Marmosops_incanus;-4.080.916.667;-1.891.611.111
Marmosops_incanus;-4.061.173;-2.014.206
Marmosops_incanus;-41.745;-156.133
Marmosops_incanus;-4.016.638;-1.836.166
Marmosops_incanus;-4.012.611;-1.832.444
Marmosops_incanus;-4.014.166;-1.837.055
Marmosops_incanus;-484.166.667;-243.333.333
Marmosops_incanus;-420.144;-153.136
Marmosops_incanus;-40.525;-1.995.277.778
Marmosops_incanus;-4.078.611.111;-1.887.472.222
Marmosops_incanus;-427.666.667;-171.333.333
Marmosops_incanus;-412.613.889;-128.016.667
Marmosops_incanus;-4.091.666.667;-2.063.333.333
Marmosops_incanus;-410.838.905;-205.166.683
Marmosops_incanus;-410.838.894;-205.166.672
Marmosops_incanus;-40.600.278;-19.935.556
Marmosops_incanus;-408.514;-19.225
Marmosops_incanus;-4.071.972.222;-1.897.972.222
Marmosops_incanus;-4.081.667;-1.922.182
Marmosops_incanus;-4.049.444.444;-2.034.944.444
Marmosops_incanus;-40.072.222;-19.391.111
Marmosops_incanus;-41.413.056;-20.464.167
Marmosops_incanus;-40.659.167;-20.363.333
Marmosops_incanus;-44.318.056;-21.021.944
Marmosops_incanus;-4.173.166.667;-2.039.638.889
Marmosops_incanus;-40.071.944;-19.391.111
Marmosops_incanus;-463.525;-233.775
Marmosops_incanus;-4.080.666.667;-1.888.972.222
Marmosops_incanus;-40.337.778;-20.319.444
Marmosops_incanus;-40.746.111;-20.040.556
Marmosops_incanus;-433.833.333;-18.15
Marmosops_incanus;-4.096.666.667;-20.4
Marmosops_incanus;-40.533.333;-19.865.556
Marmosops_incanus;-4.052.694.444;-19.965
Marmosops_incanus;-40.369.722;-19.831.944
Marmosops_incanus;-40.307.778;-20.128.611
Marmosops_incanus;-4.014.527;-1.905.555
Marmosops_incanus;-42.2;-16.6
Marmosops_incanus;-406.003;-199.356
Marmosops_incanus;-4.052.666.667;-1.996.944.444
Marmosops_incanus;-4.050.833.333;-1.995.277.778
Marmosops_incanus;-4.081.388.889;-1.887.472.222
Marmosops_incanus;-4.170.305.556;-2.049.722.222
Marmosops_incanus;-4.076.166.667;-1.922.583.333
Marmosops_incanus;-400.978;-191.969
Marmosops_incanus;-43.789.167;-200.875
Marmosops_incanus;-438.575;-20.499.722
Marmosops_incanus;-48.75;-2.216.667
Marmosops_incanus;-41.366.389;-21.064.167
Marmosops_incanus;-4.125.411;-2.101.311
Marmosops_incanus;-4.074.694.444;-1.897.972.222
Metachirus_nudicaudatus;-46.549.722;-23.110.278
Metachirus_nudicaudatus;-45.066.667;-23.366.667
Metachirus_nudicaudatus;-4.077.138.889;-1.920.444.444
Metachirus_nudicaudatus;-4.017.444.444;-1.981.277.778
Metachirus_nudicaudatus;-4.051.138.889;-2.028.111.111
Metachirus_nudicaudatus;-4.046.138.889;-2.038.888.889
Metachirus_nudicaudatus;-4.044.166.667;-2.037.694.444
Metachirus_nudicaudatus;-4.052.694.444;-19.965
Metachirus_nudicaudatus;-4.074.694.444;-1.897.972.222
Metachirus_nudicaudatus;-451.166.667;-234.166.667
Metachirus_nudicaudatus;-40.08;-19.84
Metachirus_nudicaudatus;-40.54;-1.996.944.444
Metachirus_nudicaudatus;-3.956.444.444;-1.797.527.778
Metachirus_nudicaudatus;-480.833.333;-242.166.667
Metachirus_nudicaudatus;-3.956.472.222;-1.797.555.556
Metachirus_nudicaudatus;-3.922.222.222;-1.774.972.222
Metachirus_nudicaudatus;-40.465;-2.037.916.667
Metachirus_nudicaudatus;-4.074.638.889;-1.897.777.778
Metachirus_nudicaudatus;-4.052.722.222;-19.965
Metachirus_nudicaudatus;-4.053.944.444;-19.965
Metachirus_nudicaudatus;-40.072.222;-19.391.111
Metachirus_nudicaudatus;-401.666.667;-198.333.333
Metachirus_nudicaudatus;-4.077.055.556;-1.897.333.333
Metachirus_nudicaudatus;-4.045.805.556;-2.037.888.889
Metachirus_nudicaudatus;-4.045.833.333;-2.037.694.444
Metachirus_nudicaudatus;-4.043.861.111;-2.038.888.889
Metachirus_nudicaudatus;-4.052.194.444;-2.028.111.111
Metachirus_nudicaudatus;-4.046.833.333;-2.037.916.667
Metachirus_nudicaudatus;-4.079.527.778;-1.920.444.444
Metachirus_nudicaudatus;-4.076.166.667;-1.922.583.333
Metachirus_nudicaudatus;-4.085.023;-1.916.758
Metachirus_nudicaudatus;-4.012.833.333;-1.979.138.889
Metachirus_nudicaudatus;-4.052.666.667;-1.996.944.444
Metachirus_nudicaudatus;-42.65;-1.971.666.667
Metachirus_nudicaudatus;-4.071.972.222;-1.897.972.222
Metachirus_nudicaudatus;-42.65;-197.166.667
Metachirus_nudicaudatus;-4.053.972.222;-19.965
Metachirus_nudicaudatus;-3.953.527.778;-1.797.555.556
Metachirus_nudicaudatus;-40.42;-20.263.889
Metachirus_nudicaudatus;-4.076.277.778;-1.897.333.333
Metachirus_nudicaudatus;-40.659.167;-20.363.333
Metachirus_nudicaudatus;-40.645.556;-20.805.833
Metachirus_nudicaudatus;-4.014.722;-1.905.555
Metachirus_nudicaudatus;-4.072.027.778;-1.897.777.778
Metachirus_nudicaudatus;-40.54;-19.965
Metachirus_nudicaudatus;-4.167.083;-2.095.806
Metachirus_nudicaudatus;-4.073.833.333;-1.922.583.333
Metachirus_nudicaudatus;-47.919.722;-24.38
Metachirus_nudicaudatus;-44.713.056;-23.218.056
Metachirus_nudicaudatus;-427.666.667;-171.333.333
Metachirus_nudicaudatus;-39.495.833;-15.419.167
Metachirus_nudicaudatus;-40.33;-20.3
Metachirus_nudicaudatus;-3.978.613;-1.955.822
Metachirus_nudicaudatus;-39.732.222;-18.593.333
Metachirus_nudicaudatus;-3.953.555.556;-1.797.527.778
Metachirus_nudicaudatus;-4.125.411;-2.101.311
Monodelphis_americana;-40.8;-20.53
Monodelphis_americana;-4.051.138.889;-2.028.111.111
Monodelphis_americana;-40.511;-20.658
Monodelphis_americana;-4.016.472;-1.835.666
Monodelphis_americana;-400.722;-193.911
Monodelphis_americana;-4.012.611;-1.832.444
Monodelphis_americana;-40.52;-19.96
Monodelphis_americana;-43.658.972;-19.817.861
Monodelphis_americana;-4.053.944.444;-19.965
Monodelphis_americana;-4.043.861.111;-2.038.888.889
Monodelphis_americana;-45.291.667;-23.171.667
Monodelphis_americana;-4.014.166;-1.837.055
Monodelphis_americana;-394.958;-154.192
Monodelphis_americana;-3.907.611.111;-1.525.166.667
Monodelphis_americana;-45.069.722;-23.430.278
Monodelphis_americana;-40.645.556;-20.805.833
Monodelphis_americana;-40.54;-19.965
Monodelphis_americana;-505.836;-294.481
Monodelphis_americana;-452.775;-23.208.333
Monodelphis_americana;-41.184.722;-20.603.611
Monodelphis_americana;-40.45;-18.96
Monodelphis_americana;-4.014.166.667;-1.837.055.556
Monodelphis_americana;-42.139.167;-19.789.722
Monodelphis_americana;-40.721.944;-20.837.778
Monodelphis_americana;-40.600.278;-19.935.556
Monodelphis_americana;-4.014.722;-1.905.555
Monodelphis_americana;-4.045.805.556;-2.037.888.889
Monodelphis_iheringi;-43.830.833;-22.649.722
Monodelphis_iheringi;-4.170.305.556;-2.049.722.222
Monodelphis_iheringi;-4.051.138.889;-2.028.111.111
Monodelphis_iheringi;-43.516.111;-22.661.667
Monodelphis_iheringi;-43.498.333;-22.665.556
Monodelphis_iheringi;-40.8;-20.53
Monodelphis_iheringi;-463.525;-233.775
Monodelphis_scalops;-46.923.081;-23.231.486
Monodelphis_scalops;-40.600.278;-19.935.556
Monodelphis_scalops;-42;-2.013.333.333
Monodelphis_scalops;-47.99;-23.87
Monodelphis_scalops;-4.170.305.556;-2.049.722.222
Monodelphis_scalops;-48.34;-24
Monodelphis_scalops;-496.242;-254.908
Necromys_lasiurus;-4.081.388.889;-1.887.472.222
Necromys_lasiurus;-42.65;-1.971.666.667
Necromys_lasiurus;-4.077.556;-1.979.917
Necromys_lasiurus;-4.347.579;-1.989.281
Necromys_lasiurus;-398.225;-1.835.527.778
Necromys_lasiurus;-4.078.611.111;-1.887.472.222
Necromys_lasiurus;-42.65;-197.166.667
Necromys_lasiurus;-390.833.333;-117.166.667
Necromys_lasiurus;-4.014.722;-1.905.555
Necromys_lasiurus;-3.945.083.333;-72.775
Necromys_lasiurus;-43.456.111;-18.960.556
Necromys_lasiurus;-39.550.833;-18.086.389
Necromys_lasiurus;-3.907.611.111;-1.525.166.667
Necromys_lasiurus;-45.277.222;-23.208.889
Necromys_lasiurus;-45.278.611;-23.207.778
Necromys_lasiurus;-44.849.167;-22.549.444
Necromys_lasiurus;-4.799.257;-2.406.684
Necromys_lasiurus;-4.014.527;-1.905.555
Necromys_lasiurus;-4.012.611;-1.832.444
Necromys_lasiurus;-4.014.166;-1.837.055
Nectomys_squamipes;-4.084.588;-1.916.943
Nectomys_squamipes;-465.614;-217.878
Nectomys_squamipes;-405.297;-201.006
Nectomys_squamipes;-511.628;-233.103
Nectomys_squamipes;-40.369.722;-19.831.944
Nectomys_squamipes;-421.803;-215.394
Nectomys_squamipes;-411.347;-203.397
Nectomys_squamipes;-41.184.722;-20.603.611
Nectomys_squamipes;-4.049.444.444;-2.034.944.444
Nectomys_squamipes;-41.134.722;-20.339.722
Nectomys_squamipes;-4.050.555.556;-2.034.944.444
Nectomys_squamipes;-3.907.611.111;-1.525.166.667
Nectomys_squamipes;-3.956.472.222;-1.797.555.556
Nectomys_squamipes;-42.65;-197.166.667
Nectomys_squamipes;-4.046.138.889;-2.038.888.889
Nectomys_squamipes;-4.171.917;-210.425
Nectomys_squamipes;-433.833.333;-18.15
Nectomys_squamipes;-4.002.638.889;-1.787.888.889
Nectomys_squamipes;-4.047.277.778;-2.035.916.667
Nectomys_squamipes;-390.833.333;-152.833.333
Nectomys_squamipes;-40.54;-19.965
Nectomys_squamipes;-4.081.388.889;-1.887.472.222
Nectomys_squamipes;-4.052.194.444;-2.028.111.111
Nectomys_squamipes;-4.796.667;-2.513.333
Nectomys_squamipes;-45.125;-2.335.833
Nectomys_squamipes;-3.908.333.333;-1.528.333.333
Nectomys_squamipes;-4.170.305.556;-2.049.722.222
Nectomys_squamipes;-40.42;-20.263.889
Nectomys_squamipes;-4.167.083;-2.095.806
Nectomys_squamipes;-3.953.555.556;-1.797.527.778
Nectomys_squamipes;-4.051.138.889;-2.028.111.111
Nectomys_squamipes;-4.053.944.444;-19.965
Nectomys_squamipes;-4.043.861.111;-2.038.888.889
Nectomys_squamipes;-45.9;-23.65
Nectomys_squamipes;-4.046.833.333;-2.037.916.667
Nectomys_squamipes;-476.280.556;-234.352.778
Nectomys_squamipes;-3.953.527.778;-1.797.555.556
Nectomys_squamipes;-40.465;-2.037.916.667
Nectomys_squamipes;-47.919.722;-24.38
Nectomys_squamipes;-398.225;-1.835.527.778
Nectomys_squamipes;-484.166.667;-243.333.333
Nectomys_squamipes;-4.046.805.556;-2.037.888.889
Nectomys_squamipes;-3.956.444.444;-1.797.527.778
Nectomys_squamipes;-40.746.111;-20.040.556
Nectomys_squamipes;-4.053.944;-19.965
Nectomys_squamipes;-4.046.055.556;-2.035.916.667
Nectomys_squamipes;-4.045.805.556;-2.037.888.889
Nectomys_squamipes;-4.000.694.444;-1.787.888.889
Nectomys_squamipes;-48.119.722;-22.280.278
Nectomys_squamipes;-46.419.722;-23.89
Nectomys_squamipes;-46.549.722;-23.110.278
Nectomys_squamipes;-3.984.416.667;-1.835.527.778
Nectomys_squamipes;-4.078.611.111;-1.887.472.222
Nectomys_squamipes;-451.166.667;-234.166.667
Nectomys_squamipes;-4.071.972.222;-1.897.972.222
Nectomys_squamipes;-40.600.278;-19.935.556
Nectomys_squamipes;-42.65;-1.971.666.667
Nectomys_squamipes;-4.074.694.444;-1.897.972.222
Nectomys_squamipes;-3.978.613;-1.955.822
Nectomys_squamipes;-4.085.073;-191.738
Nectomys_squamipes;-416.672;-205.414
Nectomys_squamipes;-387.119;-125.467
Nectomys_squamipes;-402.733;-198.203
Nectomys_squamipes;-400.722;-193.911
Nectomys_squamipes;-400.978;-191.969
Nectomys_squamipes;-4.052.722.222;-19.965
Nectomys_squamipes;-40.511;-20.658
Nectomys_squamipes;-40.072.222;-19.391.111
Nectomys_squamipes;-40.645.556;-20.805.833
Nectomys_squamipes;-39.495.833;-15.419.167
Nectomys_squamipes;-40.516.667;-19.933.333
Nectomys_squamipes;-403.078;-201.286
Nectomys_squamipes;-411.847;-206.036
Nectomys_squamipes;-4.023.333;-2.023.333
Nectomys_squamipes;-48.75;-2.216.667
Oecomys_catherinae;-484.166.667;-243.333.333
Oecomys_catherinae;-4.072.027.778;-1.897.777.778
Oecomys_catherinae;-4.079.527.778;-1.920.444.444
Oecomys_catherinae;-4.074.694.444;-1.897.972.222
Oecomys_catherinae;-4.043.861.111;-2.038.888.889
Oecomys_catherinae;-4.074.055.556;-18.97
Oecomys_catherinae;-4.053.166.667;-1.996.722.222
Oecomys_catherinae;-4.051.138.889;-2.028.111.111
Oecomys_catherinae;-4.077.138.889;-1.920.444.444
Oecomys_catherinae;-4.050.833.333;-1.995.277.778
Oecomys_catherinae;-4.046.138.889;-2.038.888.889
Oecomys_catherinae;-4.071.972.222;-1.897.972.222
Oecomys_catherinae;-4.077.055.556;-1.897.333.333
Oecomys_catherinae;-4.081.388.889;-1.887.472.222
Oecomys_catherinae;-4.082.666.667;-1.888.972.222
Oecomys_catherinae;-4.052.194.444;-2.028.111.111
Oecomys_catherinae;-4.076.277.778;-1.897.333.333
Oecomys_catherinae;-40.535;-1.996.722.222
Oecomys_catherinae;-40.525;-1.995.277.778
Oecomys_catherinae;-4.080.666.667;-1.888.972.222
Oecomys_catherinae;-4.075.944.444;-18.97
Oecomys_catherinae;-4.078.611.111;-1.887.472.222
Oecomys_catherinae;-4.074.638.889;-1.897.777.778
Oecomys_catherinae;-3.907.611.111;-1.525.166.667
Oecomys_catherinae;-394.958;-154.192
Oecomys_catherinae;-4.171.917;-210.425
Oligoryzomys_flavescens;-46.000.278;-23.249.444
Oligoryzomys_flavescens;-46.351.944;-23.376.944
Oligoryzomys_flavescens;-510.481;-232.692
Oligoryzomys_flavescens;-46.353.611;-23.367.222
Oligoryzomys_flavescens;-45.833.056;-23.125.556
Oligoryzomys_flavescens;-44.859.444;-22.548.889
Oligoryzomys_flavescens;-511.628;-233.103
Oligoryzomys_flavescens;-45.375;-23.176.944
Oligoryzomys_flavescens;-48.34;-24
Oligoryzomys_flavescens;-47.61;-21.9
Oligoryzomys_flavescens;-505.836;-294.481
Oligoryzomys_flavescens;-45.376.111;-23.178.333
Oligoryzomys_flavescens;-45.316.944;-23.261.389
Oligoryzomys_flavescens;-45.29;-23.173.889
Oligoryzomys_flavescens;-465.614;-217.878
Oligoryzomys_flavescens;-4.173.494;-2.039.636
Oligoryzomys_nigripes;-51.310.783;-26.541.767
Oligoryzomys_nigripes;-51.286.083;-26.888.967
Oligoryzomys_nigripes;-5.222.415;-27.045.917
Oligoryzomys_nigripes;-5.213.555;-2.748.775
Oligoryzomys_nigripes;-46.783;-22.199.867
Oligoryzomys_nigripes;-47.890.833;-220.175
Oligoryzomys_nigripes;-48.278.517;-18.880.833
Oligoryzomys_nigripes;-47.809.367;-20.729.567
Oligoryzomys_nigripes;-48.875.983;-2.513.955
Oligoryzomys_nigripes;-5.200.135;-274.649
Oligoryzomys_nigripes;-52.384.217;-31.246.733
Oligoryzomys_nigripes;-47.865.917;-21.143.067
Oligoryzomys_nigripes;-47.169.722;-21.282.778
Oligoryzomys_nigripes;-46.184.583;-23.511.967
Oligoryzomys_nigripes;-52.074.333;-27.645.017
Oligoryzomys_nigripes;-48.445;-22.885.833
Oligoryzomys_nigripes;-47.990.278;-21.137.778
Oligoryzomys_nigripes;-47.475.317;-20.669.317
Oligoryzomys_nigripes;-48.190.717;-21.916.283
Oligoryzomys_nigripes;-4.866.735;-1.868.145
Oligoryzomys_nigripes;-47.879.633;-19.727.967
Oligoryzomys_nigripes;-4.778.845;-21.042.517
Oligoryzomys_nigripes;-47.729.444;-21.340.278
Oligoryzomys_nigripes;-4.817.725;-20.674.933
Oligoryzomys_nigripes;-41.184.722;-20.603.611
Oligoryzomys_nigripes;-48.496.389;-21.261.111
Oligoryzomys_nigripes;-46.934.556;-23.239.336
Oligoryzomys_nigripes;-40.54;-19.965
Oligoryzomys_nigripes;-51.235.556;-22.012.222
Oligoryzomys_nigripes;-48.228.333;-21.36
Oligoryzomys_nigripes;-46.919.167;-23.603.889
Oligoryzomys_nigripes;-47.838.056;-20.515.278
Oligoryzomys_nigripes;-4.051.138.889;-2.028.111.111
Oligoryzomys_nigripes;-44.065;-22.574.722
Oligoryzomys_nigripes;-46.471.111;-23.646.111
Oligoryzomys_nigripes;-48.34;-24
Oligoryzomys_nigripes;-45.7;-23.100.278
Oligoryzomys_nigripes;-47.151.667;-22.643.333
Oligoryzomys_nigripes;-47.068.333;-23.931.667
Oligoryzomys_nigripes;-46.932.947;-23.237.494
Oligoryzomys_nigripes;-469.333;-23.237.978
Oligoryzomys_nigripes;-47.304.167;-21.275.278
Oligoryzomys_nigripes;-46.913.611;-23.224.722
Oligoryzomys_nigripes;-46.931.886;-232.372
Oligoryzomys_nigripes;-51.228.617;-253.502
Oligoryzomys_nigripes;-40.600.278;-19.935.556
Oligoryzomys_nigripes;-4.052.194.444;-2.028.111.111
Oligoryzomys_nigripes;-45.125;-2.335.833
Oligoryzomys_nigripes;-4.653.235;-20.641.083
Oligoryzomys_nigripes;-46.048.889;-19.311.111
Oligoryzomys_nigripes;-45.291.389;-23.171.389
Oligoryzomys_nigripes;-47.083.333;-22.55
Oligoryzomys_nigripes;-443.375;-22.483.056
Oligoryzomys_nigripes;-47.138.056;-23.000.833
Oligoryzomys_nigripes;-49.51;-23.388.333
Oligoryzomys_nigripes;-3.907.611.111;-1.525.166.667
Oligoryzomys_nigripes;-4.078.611.111;-1.887.472.222
Oligoryzomys_nigripes;-4.799.204;-2.406.649
Oligoryzomys_nigripes;-52.408.017;-26.784
Oligoryzomys_nigripes;-47.550.667;-24.705.833
Oligoryzomys_nigripes;-53.714.717;-242.808
Oligoryzomys_nigripes;-537.086;-242.519
Oligoryzomys_nigripes;-4.173.028;-2.049.722
Oligoryzomys_nigripes;-47.585;-20.891.111
Oligoryzomys_nigripes;-4.173.494;-2.039.636
Oligoryzomys_nigripes;-496.242;-254.908
Oligoryzomys_nigripes;-4.081.388.889;-1.887.472.222
Oligoryzomys_nigripes;-4.077.402;-1.980.168
Oligoryzomys_nigripes;-4.799.262;-2.406.682
Oligoryzomys_nigripes;-5.371.755;-24.265.417
Oligoryzomys_nigripes;-4.801.585;-21.949.183
Oligoryzomys_nigripes;-5.060.775;-24.313.028
Oligoryzomys_nigripes;-50.542.028;-24.221.583
Oligoryzomys_nigripes;-4.173.166.667;-2.039.638.889
Oligoryzomys_nigripes;-4.170.305.556;-2.049.722.222
Oligoryzomys_nigripes;-4.077.556;-1.979.917
Oligoryzomys_nigripes;-46.795.317;-23.028.983
Oligoryzomys_nigripes;-50.606.611;-24.299.944
Oligoryzomys_nigripes;-4.077.557;-1.979.918
Oligoryzomys_nigripes;-4.053.944.444;-19.965
Oligoryzomys_nigripes;-5.053.855;-24.219.617
Oligoryzomys_nigripes;-4.348.843;-1.988.496
Oxymycterus_dasytrichus;-4.078.611.111;-1.887.472.222
Oxymycterus_dasytrichus;-484.166.667;-243.333.333
Oxymycterus_dasytrichus;-410.838.946;-205.166.724
Oxymycterus_dasytrichus;-4.053.944.444;-19.965
Oxymycterus_dasytrichus;-4.045.805.556;-2.037.888.889
Oxymycterus_dasytrichus;-40.52;-19.96
Oxymycterus_dasytrichus;-410.838.945;-205.166.723
Oxymycterus_quaestor;-5.222.415;-27.045.917
Oxymycterus_quaestor;-46.184.583;-23.511.967
Oxymycterus_quaestor;-47.068.333;-23.931.667
Oxymycterus_quaestor;-51.310.783;-26.541.767
Oxymycterus_quaestor;-46.919.167;-23.603.889
Oxymycterus_quaestor;-48.875.983;-2.513.955
Oxymycterus_quaestor;-51.286.083;-26.888.967
Oxymycterus_quaestor;-51.228.617;-253.502
Oxymycterus_quaestor;-5.213.555;-2.748.775
Oxymycterus_quaestor;-39.75;-13.53
Oxymycterus_quaestor;-5.200.135;-274.649
Philander_frenatus;-4.406.666.667;-2.206.666.667
Philander_frenatus;-41.060.833;-20.505.806
Philander_frenatus;-40.42;-20.263.889
Philander_frenatus;-4.077.557;-1.979.918
Philander_frenatus;-4.125.411;-2.101.311
Philander_frenatus;-4.060.149;-2.009.096
Philander_frenatus;-44.2;-2.223.333.333
Philander_frenatus;-40.54;-19.965
Philander_frenatus;-4.053.944.444;-19.965
Philander_frenatus;-4.085.073;-191.738
Philander_frenatus;-41.184.722;-20.603.611
Philander_frenatus;-48.36;-24.09
Philander_frenatus;-40.600.278;-19.935.556
Philander_frenatus;-41.083.444;-20.518.861
Philander_frenatus;-39;-15.35
Philander_frenatus;-42;-2.013.333.333
Philander_frenatus;-403.078;-201.286
Philander_frenatus;-40.645.556;-20.805.833
Philander_frenatus;-45.9;-23.65
Philander_frenatus;-410.838.917;-205.166.695
Philander_frenatus;-410.838.916;-205.166.694
Philander_frenatus;-42.139.167;-19.789.722
Philander_frenatus;-405.297;-201.006
Philander_frenatus;-40.833.889;-21.011.111
Philander_frenatus;-4.078.611.111;-1.887.472.222
Philander_frenatus;-4.084.658;-1.916.543
Philander_frenatus;-410.838.918;-205.166.696
Philander_frenatus;-4.052.694.444;-19.965
Philander_frenatus;-47.99;-23.87
Philander_frenatus;-45.35;-238.166.667
Philander_frenatus;-484.166.667;-243.333.333
Philander_frenatus;-40.8;-20.53
Philander_frenatus;-544.616.667;-256.277.778
Philander_frenatus;-4.080.666.667;-1.888.972.222
Philander_frenatus;-410.838.906;-205.166.684
Philander_frenatus;-410.838.904;-205.166.682
Philander_frenatus;-4.045.805.556;-2.037.888.889
Philander_frenatus;-4.081.388.889;-1.887.472.222
Philander_frenatus;-4.052.722.222;-19.965
Philander_frenatus;-4.170.305.556;-2.049.722.222
Philander_frenatus;-48.34;-24
Philander_frenatus;-40.6;-199.166.667
Philander_frenatus;-4.096.666.667;-20.4
Philander_frenatus;-4.798.597;-240.664
Philander_frenatus;-4.051.138.889;-2.028.111.111
Philander_frenatus;-45.125;-2.335.833
Philander_frenatus;-4.046.055.556;-2.035.916.667
Philander_frenatus;-4.082.666.667;-1.888.972.222
Philander_frenatus;-4.173.166.667;-2.039.638.889
Philander_frenatus;-4.052.194.444;-2.028.111.111
Philander_frenatus;-4.079.694.444;-192.375
Philander_frenatus;-41.083.889;-205.166.668
Philander_frenatus;-4.170.111;-2.103.333
Philander_frenatus;-4.076.972.222;-192.375
Philander_frenatus;-4.053.972.222;-19.965
Phyllomys_pattoni;-3.923.611.111;-1.779.444.444
Phyllomys_pattoni;-40.54;-19.965
Phyllomys_pattoni;-3.926.361.111;-1.780.166.667
Phyllomys_pattoni;-4.051.138.889;-2.028.111.111
Phyllomys_pattoni;-3.924.388.889;-1.772.777.778
Phyllomys_pattoni;-3.920.527.778;-1.775.805.556
Phyllomys_pattoni;-40.42;-20.263.889
Phyllomys_pattoni;-3.925.611.111;-1.772.777.778
Phyllomys_pattoni;-40.33;-20.3
Phyllomys_pattoni;-3.926.388.889;-1.779.444.444
Phyllomys_pattoni;-3.956.444.444;-1.797.527.778
Phyllomys_pattoni;-3.925.972.222;-17.725
Phyllomys_pattoni;-40.072.222;-19.391.111
Phyllomys_pattoni;-3.953.555.556;-1.797.527.778
Phyllomys_pattoni;-4.052.194.444;-2.028.111.111
Phyllomys_pattoni;-3.922.805.556;-1.775.805.556
Phyllomys_pattoni;-4.079.527.778;-1.920.444.444
Phyllomys_pattoni;-4.053.972.222;-19.965
Phyllomys_pattoni;-3.998.158.056;-1.953.129.167
Phyllomys_pattoni;-39.255;-1.775.333.333
Phyllomys_pattoni;-4.077.138.889;-1.920.444.444
Phyllomys_pattoni;-39.95;-1.913.333.333
Phyllomys_pattoni;-4.052.722.222;-19.965
Phyllomys_pattoni;-4.053.944.444;-19.965
Phyllomys_pattoni;-4.052.694.444;-19.965
Phyllomys_pattoni;-4.046.055.556;-2.035.916.667
Pseudoryzomys_simplex;-47.475.317;-20.669.317
Pseudoryzomys_simplex;-4.866.735;-1.868.145
Pseudoryzomys_simplex;-47.809.367;-20.729.567
Pseudoryzomys_simplex;-48.037.222;-210.225
Pseudoryzomys_simplex;-47.879.633;-19.727.967
Pseudoryzomys_simplex;-48.278.517;-18.880.833
Pseudoryzomys_simplex;-4.817.725;-20.674.933
Pseudoryzomys_simplex;-47.585;-20.891.111
Pseudoryzomys_simplex;-47.890.833;-220.175
Rhipidomys_macrurus;-394.508.333;-72.775
Rhipidomys_macrurus;-3.945.083.333;-72.775
Rhipidomys_macrurus;-4.126.138.889;-1.280.166.667
Rhipidomys_macrurus;-4.773.944.444;-1.913.055.556
Rhipidomys_macrurus;-55.31;-222.797.222
Rhipidomys_macrurus;-412.613.889;-128.016.667
Rhipidomys_macrurus;-42.2;-16.6
Rhipidomys_macrurus;-477.080.556;-191.708.333
Rhipidomys_macrurus;-4.770.805.556;-1.917.083.333
Rhipidomys_macrurus;-477.394.444;-191.305.556
Rhipidomys_macrurus;-477.313.889;-191.194.444
Rhipidomys_macrurus;-4.773.138.889;-1.911.944.444
Rhipidomys_mastacalis;-4.653.235;-20.641.083
Rhipidomys_mastacalis;-46.048.889;-19.311.111
Rhipidomys_mastacalis;-40.600.278;-19.935.556
Rhipidomys_mastacalis;-40.072.222;-19.391.111
Rhipidomys_mastacalis;-4.051.138.889;-2.028.111.111
Rhipidomys_mastacalis;-39;-15.35
Rhipidomys_mastacalis;-4.053.944.444;-19.965
Rhipidomys_mastacalis;-47.865.917;-21.143.067
Rhipidomys_mastacalis;-4.077.055.556;-1.897.333.333
Rhipidomys_mastacalis;-42.65;-197.166.667
Rhipidomys_mastacalis;-4.170.305.556;-2.049.722.222
Rhipidomys_mastacalis;-3.960.272;-1.502.706
Rhipidomys_mastacalis;-4.076.277.778;-1.897.333.333
Rhipidomys_mastacalis;-4.052.194.444;-2.028.111.111
Rhipidomys_mastacalis;-4.074.638.889;-1.897.777.778
Rhipidomys_mastacalis;-40.54;-19.965
Rhipidomys_mastacalis;-4.045.833.333;-2.037.694.444
Rhipidomys_mastacalis;-40.369.722;-19.831.944
Rhipidomys_mastacalis;-402.925;-20.329.722
Rhipidomys_mastacalis;-4.778.845;-21.042.517
Rhipidomys_mastacalis;-4.071.972.222;-1.897.972.222
Rhipidomys_mastacalis;-4.014.722;-1.905.555
Rhipidomys_mastacalis;-427.666.667;-171.333.333
Rhipidomys_mastacalis;-44.318.056;-21.021.944
Rhipidomys_mastacalis;-433.833.333;-18.15
Rhipidomys_mastacalis;-3.953.555.556;-1.797.527.778
Rhipidomys_mastacalis;-3.956.444.444;-1.797.527.778
Rhipidomys_mastacalis;-4.125.411;-2.101.311
Rhipidomys_mastacalis;-4.173.028;-2.049.722
Rhipidomys_mastacalis;-4.044.166.667;-2.037.694.444
Rhipidomys_mastacalis;-39.75;-13.53
Rhipidomys_mastacalis;-46.184.583;-23.511.967
Rhipidomys_mastacalis;-397.339;-141.372
Rhipidomys_mastacalis;-4.081.724;-1.921.522
Rhipidomys_mastacalis;-4.014.725;-1.905.556
Rhipidomys_mastacalis;-400.761;-189.056
Rhipidomys_mastacalis;-45.9;-23.65
Rhipidomys_mastacalis;-484.166.667;-243.333.333
Sooretamys_angouya;-41.006.944;-20.671.389
Sooretamys_angouya;-484.166.667;-243.333.333
Sooretamys_angouya;-45.125;-2.335.833
Sooretamys_angouya;-45.9;-23.65
Sooretamys_angouya;-505.836;-294.481
Sooretamys_angouya;-4.173.028;-2.049.722
Sooretamys_angouya;-4.173.494;-2.039.636
Sooretamys_angouya;-44.85;-2.238.333.333
Sooretamys_angouya;-531.808;-254.189
Thaptomys_nigrita;-51.228.617;-253.502
Thaptomys_nigrita;-5.222.415;-27.045.917
Thaptomys_nigrita;-5.200.135;-274.649
Thaptomys_nigrita;-52.074.333;-27.645.017
Thaptomys_nigrita;-484.166.667;-243.333.333
Thaptomys_nigrita;-45.316.944;-23.261.389
Thaptomys_nigrita;-4.053.944;-19.965
Thaptomys_nigrita;-4.508.333.333;-2.246.666.667
Thaptomys_nigrita;-51.310.783;-26.541.767
Thaptomys_nigrita;-4.798.617;-240.666
Thaptomys_nigrita;-47.068.333;-23.931.667
Thaptomys_nigrita;-4.799.262;-2.406.682
Thaptomys_nigrita;-3.907.611.111;-1.525.166.667
Thaptomys_nigrita;-48.34;-24
Thaptomys_nigrita;-45.291.389;-23.172.222
Thaptomys_nigrita;-50.589.889;-24.284.889
Thaptomys_nigrita;-46.934.433;-23.239.222
Thaptomys_nigrita;-45.9;-23.65
Thaptomys_nigrita;-4.053.972.222;-19.965
Thaptomys_nigrita;-4.053.944.444;-19.965
Thaptomys_nigrita;-40.600.278;-19.935.556
Thaptomys_nigrita;-40.52;-19.96
Thaptomys_nigrita;-4.052.722.222;-19.965
Thaptomys_nigrita;-46.931.853;-23.237.603
Thaptomys_nigrita;-4.052.194.444;-2.028.111.111
Thaptomys_nigrita;-43.5;-20.45
Thaptomys_nigrita;-45.35;-238.166.667
Thaptomys_nigrita;-410.838.898;-205.166.676
Thaptomys_nigrita;-4.051.138.889;-2.028.111.111
Thaptomys_nigrita;-41.184.722;-20.603.611
Thaptomys_nigrita;-40.54;-19.965
Thaptomys_nigrita;-4.052.694.444;-19.965
Thaptomys_nigrita;-449.033;-215.111
Trinomys_gratiosus;-4.077.403;-1.980.169
Trinomys_gratiosus;-410.838.933;-205.166.711
Trinomys_gratiosus;-4.052.694.444;-19.965
Trinomys_gratiosus;-4.096.666.667;-20.4
Trinomys_gratiosus;-40.600.278;-19.935.556
Trinomys_gratiosus;-40.54;-19.965
Trinomys_gratiosus;-42;-2.013.333.333
Trinomys_gratiosus;-4.052.722.222;-19.965
Trinomys_gratiosus;-4.053.944.444;-19.965
Trinomys_gratiosus;-4.125.411;-2.101.311
Trinomys_gratiosus;-4.173.028;-2.049.722
Trinomys_gratiosus;-4.173.494;-2.039.636
Trinomys_iheringi;-39.75;-13.53
Trinomys_iheringi;-4.799.071;-2.406.734
Trinomys_iheringi;-40.600.278;-19.935.556
Trinomys_iheringi;-4.798.637;-2.406.661
Trinomys_iheringi;-451.166.667;-234.166.667
Trinomys_iheringi;-45.066.667;-23.366.667
Trinomys_iheringi;-40.42;-20.263.889
Trinomys_iheringi;-40.833.889;-21.011.111
Trinomys_iheringi;-45.125;-2.335.833
Trinomys_iheringi;-4.798.753;-2.406.828
Trinomys_iheringi;-484.166.667;-243.333.333
Trinomys_iheringi;-40.072.222;-19.391.111
Trinomys_paratus;-4.051.138.889;-2.028.111.111
Trinomys_paratus;-40.42;-20.263.889
Trinomys_paratus;-40.465;-2.037.916.667
Trinomys_paratus;-40.833.889;-21.011.111
Trinomys_paratus;-4.043.861.111;-2.038.888.889
Trinomys_paratus;-40.511;-20.658
Trinomys_paratus;-4.049.444.444;-2.034.944.444
Trinomys_paratus;-40.369.722;-19.831.944
Trinomys_paratus;-40.8;-20.53
Trinomys_paratus;-4.023.305.556;-2.017.638.889
Trinomys_paratus;-4.044.166.667;-2.037.694.444
Trinomys_paratus;-4.051.944.444;-2.029.222.222
Trinomys_paratus;-40.072.222;-19.391.111
Trinomys_paratus;-4.045.805.556;-2.036.777.778
Trinomys_paratus;-4.017.444.444;-1.981.277.778
Trinomys_setosus;-4.076.972.222;-192.375
Trinomys_setosus;-427.666.667;-171.333.333
Trinomys_setosus;-4.014.547;-1.905.556
Trinomys_setosus;-400.722;-193.911
Trinomys_setosus;-408.514;-19.225
Trinomys_setosus;-4.013.333;-1.898.944